storyID,projectID,Title,Angle,Secondary angle,Type of text,Title in original lang,Domain,Extract,URL,Platform/medium
240,187,2017 Presidential Election: To Each Their Own Vocabulary - The Weight of Words,Exploratory,,Political,Présidentielle 2017 : à chacun son vocabulaire - Le Poids des mots,parismatch,,https://www.parismatch.com/Actu/Politique/Presidentielle-2017-a-chacun-son-vocabulaire-1227524,
239,187,"Mélenchon: Goodbye ""comrades"", hello ""the people""! - The Weight of Words",Change,,Political,"Mélenchon : adieu ""camarades"", bonjour ""les gens"" ! - Le Poids des mots",parismatch,"Jean-Luc Mélenchon now prefers to speak of ""people"" rather than addressing his ""comrades."" An analysis of a linguistic phenomenon that reflects a political shift.",https://www.parismatch.com/Actu/Politique/Melenchon-adieu-camarades-bonjour-les-gens-1226144,
238,187,"2017 Presidential Election: What are the ""minor candidates"" saying? - The Weight of Words",Exploratory,,Political,"Présidentielle 2017 : que disent les ""petits candidats""? - Le Poids des mots",parismatch,,https://www.parismatch.com/Actu/Politique/Presidentielle-2017-que-disent-les-petits-candidats-1221101,
237,187,Marine Le Pen's counter-speech - The Weight of Words,Exploratory,,Political,Le contre-discours de Marine Le Pen - Le Poids des mots,parismatch,,https://www.parismatch.com/Actu/Politique/Le-contre-discours-de-Marine-Le-Pen-1250156,
236,187,"""Humiliations,"" ""submission""... Le Pen's brutal rhetoric on Germany - The Weight of Words",Exploratory,,Political,"""Humiliations"", ""soumission""... Le discours brutal de Le Pen sur 
l'Allemagne - Le Poids des mots",parismatch,,https://www.parismatch.com/Actu/Politique/Humiliations-soumission-Le-discours-brutal-de-Le-Pen-sur-l-Allemagne-1249982,
235,187,"Macron-Le Pen, two visions of democracy - The Weight of Words",Variation,,Political,"Macron-Le Pen, deux visions de la démocratie - Le Poids des mots",parismatch,"""The Weight of Words"" analyzed 105 speeches and more than 500,000 words spoken by Emmanuel Macron and Marine Le Pen since January 30th. Bénédicte Durand, dean of the Sciences Po undergraduate college, sees this as a test for the country in the face of demagoguery.",https://www.parismatch.com/Actu/Politique/Macron-Le-Pen-deux-visions-de-la-democratie-1249781,
234,187,Exclusive: The words from the toughest debate of the Fifth Republic - The Weight of Words,Ranking,,Political,"Exclusif : Les mots du débat le plus dur de la Ve République - Le Poids des 
mots",parismatch,"What words did Emmanuel Macron and Marine Le Pen use most during the second-round debate on Wednesday? With the web application ""The Weight of Words"", Data Match delivers the results of an exclusive analysis.",https://www.parismatch.com/Actu/Politique/Exclusif-Les-mots-du-debat-le-plus-dur-de-la-Ve-Republique-1249400,
233,187,"""Handsome,"" ""ideal son-in-law,"" ""darling""... How Le Pen caricatures Macron
- The Weight of Words",Ranking,,Political,"""Bellâtre"", ""gendre idéal"", ""chouchou""... Comment Le Pen caricature Macron 
- Le Poids des mots",parismatch,,https://www.parismatch.com/Actu/Politique/Bellatre-gendre-ideal-chouchou-Comment-Le-Pen-caricature-Macron-1247345,
232,187,"""Workers,"" ""factories""... Who talks about them more, Macron or Le Pen? - The Weight of Words",Ranking,,Political,"""Ouvriers"", ""usines""… Qui de Macron ou Le Pen en parle le plus? - Le Poids 
des mots",parismatch,,https://www.parismatch.com/Actu/Politique/Ouvriers-usines-Qui-de-Macron-ou-Le-Pen-en-parle-le-plus-1243922,
231,187,Presidential election: what words for gender equality? - The Weight of Words,Variation,,Political,"Présidentielle : quels mots pour l'égalité entre les sexes? - Le Poids des 
mots",parismatch,"What words do the candidates use to talk about gender equality? Behind a facade of consensus, very clear differences appear, according to four researchers from the UMR Bases, Corpus, Langage (Université Côte d'Azur - CNRS).",https://www.parismatch.com/Actu/Politique/Presidentielle-quels-mots-pour-l-egalite-entre-les-sexes-1239179,
230,187,Which candidate is being attacked the most by all the others? - The Weight of Words,Ranking,,Political,Qui est le candidat le plus attaqué par tous les autres? - Le Poids des mots,parismatch,,https://www.parismatch.com/Actu/Politique/Qui-est-le-candidat-le-plus-vise-par-tous-les-autres-1238801,
229,187,Presidential election: what messages for young people? - The Weight of Words,Exploratory,,Political,"Election présidentielle : quels messages pour les jeunes? - Le Poids des 
mots",parismatch,,https://www.parismatch.com/Actu/Politique/Election-presidentielle-quels-messages-pour-les-jeunes-1238750,
228,187,"Journalists, the campaign's punching bags - The Weight of Words",Variation,,Political,"Les journalistes, punching balls de la campagne - Le Poids des mots",parismatch,"According to data from ""Le Pound des mots"" (The Weight of Words),  Paris Match's exclusive web application , the occurrences of the words ""media,"" ""journalists,"" and ""press"" in speeches since January 30th reveal the divisions between the presidential candidates. While the total is much lower than for the words ""France"" (7 per 1,000 words) or ""work"" (4 per 1,000), it reflects the candidates' vision of democratic society. The five main candidates—Marine Le Pen, François Fillon, Emmanuel Macron, Jean-Luc Mélenchon, and Benoît Hamon—account for 241 occurrences: more than a third for Le Pen (88), followed by Macron (53) and Fillon (50), then Hamon, and finally Mélenchon, who makes the fewest references to the media during a campaign in which he is trying to ""bypass"" them, notably through YouTube.",https://www.parismatch.com/Actu/Politique/Les-journalistes-punching-balls-de-la-campagne-1238510,
227,187,"Who are the candidates targeting when they talk about ""the system""? - The power of words",Relationship,,Political,"Qui visent les candidats quand ils parlent de ""système""? - Le poids des mots",parismatch,"But what system are they talking about? To understand this, we must study the contexts in which the word is used in each candidate's speeches using co-occurrence analysis tools, that is, tools for identifying words frequently associated with one another.",https://www.parismatch.com/Actu/Politique/Qui-visent-les-candidats-quand-ils-parlent-de-systeme-1238246,
226,187,"Right and left, is that over? - The Weight of Words",Change,,Political,"Droite et gauche, c'est fini? - Le Poids des mots",parismatch,,https://www.parismatch.com/Actu/Politique/Droite-et-gauche-c-est-fini-1236362,
225,187,"Benoît Hamon, his ""daughters"" and ""the children"" - The Weight of Words",Ranking,,Political,"Benoît Hamon, ses ""filles"" et ""les enfants"" - Le Poids des mots",parismatch,"A doting father, the Socialist candidate has shielded Liv, 9, and Milana, 5, from all media intrusion. And yet, he is the candidate who most frequently mentions this aspect of himself and his partner, Gabrielle Guallar. According to ""The Weight of Words,"" our tool that analyzes candidates' public statements since January 30th, Benoît Hamon is the first to mention ""my children,"" with seven occurrences. He is followed by François Fillon (5), Jean-Luc Mélenchon (2), and Marine Le Pen (1).",https://www.parismatch.com/Actu/Politique/Benoit-Hamon-ses-filles-et-les-enfants-1235354,
224,187,"Mélenchon-Le Pen, to each their own ""people"" - The Weight of Words",Variation,,Political,"Mélenchon-Le Pen, à chacun son ""peuple"" - Le Poids des mots",parismatch,"Historian Marc Lazar, director of the Sciences Po history center, compares the use of the word ""people"" by Marine Le Pen and Jean-Luc Mélenchon. A member of the scientific council of the ""The Weight of Words"" project, he draws on data from this innovative application.",https://www.parismatch.com/Actu/Politique/Melenchon-Le-Pen-a-chacun-son-peuple-1235315,
223,187,Emmanuel Macron and the words of the economy - The Weight of Words,Ranking,,Political,Emmanuel Macron et les mots de l’économie - Le Poids des mots,parismatch,"Of the five leading candidates, Emmanuel Macron is the one who most often uses the word ""minister"" (102 times out of 256 since January 30). While he sometimes uses the term to refer to the composition of his potential future government, he also refers to his recent experience at Bercy within the Valls government to better highlight it (""I carried out reforms and laws,"" April 6 on France 2) and draw lessons from it on the organization of the executive branch he would like to put in place (""we are in a regime where a form of ministerial political irresponsibility has taken hold,"" March 28 in a press conference).",https://www.parismatch.com/Actu/Economie/Emmanuel-Macron-et-les-mots-de-l-economie-1235156,
222,187,"Who is this candidate who regularly uses the verb ""to piss off""? - The Weight of Words",Leads,,Political,"Qui est ce candidat qui utilise régulièrement le verbe “emmerder”? - Le 
Poids des mots",parismatch,"But why did François Fillon repeatedly use the word ""emmerder"" (to piss off) during the election campaign? Since January 30th, when we began analyzing candidates' speeches with ""Le Poids des mots"" (The Weight of Words), the web application developed by Data Match , the data journalism unit of Paris Match, the Republican candidate has used this verb six times in his speeches. In interviews and especially at rallies, he is the only one to employ this rather unusual word in the vocabulary of presidential candidates with such insistence.",https://www.parismatch.com/Actu/Politique/Qui-est-ce-candidat-qui-utilise-regulierement-le-verbe-emmerder-1234163,
221,187,Presidential election: Which candidates are obsessed with Trump? - The Weight of Words,Ranking,,Political,Présidentielle : quels candidats sont obsédés par Trump? - Le Poids des mots,parismatch,,https://www.parismatch.com/Actu/Politique/Presidentielle-quels-candidats-sont-obsedes-par-Trump-1233125,
220,187,"Emmanuel Macron-Edouard Philippe: He is him, I am him - The Weight of Words",Exploratory,,Political,"Emmanuel Macron-Edouard Philippe : lui c'est lui, moi c'est lui - Le Poids 
des mots",parismatch,,https://www.parismatch.com/Actu/Politique/Emmanuel-Macron-Edouard-Philippe-lui-c-est-lui-moi-c-est-lui-1306952,
219,187,Emmanuel Macron's inaugural lecture at Versailles before Congress - The Weight of Words,Exploratory,,Political,"La leçon inaugurale d’Emmanuel Macron à Versailles devant le Congrès - Le 
Poids des mots",parismatch,,https://www.parismatch.com/Actu/Politique/La-lecon-inaugurale-d-Emmanuel-Macron-a-Versailles-devant-le-Congres-1301435,
218,187,President Macron's first two speeches analyzed - The Weight of Words,Exploratory,,Political,Les deux premiers discours du président Macron analysés - Le Poids des mots,parismatch,,https://www.parismatch.com/Actu/Politique/Les-deux-premiers-discours-du-president-Macron-analyses-1250927,
217,187,Emmanuel Macron: What his words say about him - The Weight of Words,Exploratory,,Political,Emmanuel Macron : ce que ses mots disent de lui - Le Poids des mots,parismatch,,https://www.parismatch.com/Actu/Politique/Emmanuel-Macron-ce-que-ses-mots-disent-de-lui-1250897,
216,187,A word that matters to me: Referendum - The Weight of Words,Exploratory,,Political,Un mot qui compte pour moi : Référendum - Le Poids des mots,parismatch,,https://www.parismatch.com/Actu/Politique/Un-mot-qui-compte-pour-moi-Referendum-1249775,
215,187,A crazy campaign seen on Google Trends - The Weight of Words,Relationship,,Political,Une campagne folle vue depuis Google Trends - Le Poids des Mots,parismatch,"Our partner Google Trends provides a unique complement to this discourse analysis. Thanks to data provided by Google News Lab France, we can compare the number of times a word appears in political speeches with the level of interest it generated among internet users of Google search services. Thus, sometimes candidates seize upon current events in their political discourse, and sometimes they create interest in a word. Here are some of these results. ",https://www.parismatch.com/Actu/Politique/Une-campagne-folle-vue-depuis-Google-Trends-1250405,
214,187,Macron-Le Pen: Their silences speak volumes - The Weight of Words,Variation,,Political,Macron-Le Pen : Leurs silences en disent long - Le Poids des mots,parismatch,"What words does Emmanuel Macron use regularly that Marine Le Pen refuses to utter? Conversely, what themes does the far-right candidate regularly address that never appear in the former Minister of the Economy's speeches? To find out, we searched the ""The Weight of Words"" app for the 20 words that one uses and the other doesn't. The results are drawn from a database containing 118 public appearances—rallies, radio and television broadcasts, and print interviews. From over 650,000 words spoken by Emmanuel Macron and Marine Le Pen, we compiled two lists containing the 20 most frequent terms in the speeches of one and completely absent from the other (full lists at the end of the article)",https://www.parismatch.com/Actu/Politique/Macron-Le-Pen-Leurs-silences-en-disent-long-1250597,
213,187,From candidate to president: the words Emmanuel Macron no longer utters - The Weight of Words,Change,,Political,De candidat à président : ces mots qu'Emmanuel Macron ne prononce plus - Le Poids des mots,parismatch,"To mark the 100 days of the Macron presidency, Le Poids des mots analyzed 62 interventions by Emmanuel Macron since his election and compared them to his campaign speeches.",https://www.parismatch.com/Actu/Politique/De-candidat-a-president-ces-mots-qu-Emmanuel-Macron-ne-prononce-plus-1330751,
212,187,President Macron's favorite words of the last six months - The Weight of Words,Ranking,,Political,Les mots préférés du président Macron depuis six mois - Le Poids des mots,parismatch,,https://www.parismatch.com/Actu/Politique/Les-mots-preferes-du-president-Macron-depuis-six-mois-1387532,
211,187,"Exclusive: Seven months of Macron's presidency, word for word",Exploratory,,Political,Exclusif : sept mois de présidence Macron mot à mot,parismatch,Paris Match analyzed Emmanuel Macron's remarks in 173 of his speeches since May 2017. Political discourse specialist Damon Mayaffre comments on our results.,https://www.parismatch.com/Actu/Politique/Exclusif-sept-mois-de-presidence-Macron-mot-a-mot-1428923,
210,187,"Macron, the vertigo of words",Exploratory,,Political,"Macron, le vertige des mots",parismatch,,https://www.parismatch.com/Actu/Politique/Macron-le-vertige-des-mots-1528541,
209,187,"""Seven or eight children per woman"": Macron's African refrain",Exploratory,,Political,"""Sept ou huit enfants par femme"" : le refrain africain de Macron",parismatch,,https://www.parismatch.com/Actu/Politique/Sept-ou-huit-enfants-par-femme-le-refrain-africain-de-Macron-1554563,
208,187,What the analysis of Macron's New Year's address reveals,Change,,Political,Ce que révèle l'analyse du discours de vœux de Macron,parismatch,"Using our application The Weight of Words, we compared the President of the Republic's speech on Monday evening to his previous New Year's wishes and to all of his speeches.",https://www.parismatch.com/Actu/Politique/Ce-que-revele-l-analyse-du-discours-de-voeux-de-Macron-1597179,
207,187,"""Nation"", ""together"", ""unease""... The words of Macron's speech",Ranking,,Political,"""Nation"", ""ensemble"", ""malaise""... Les mots de l'allocution de Macron",parismatch,,https://www.parismatch.com/actu/politique/nation-ensemble-malaise-les-mots-de-lallocution-de-macron-87386,
206,187,"Hulot's resignation, or the limits of Macron's environmental discourse",Exploratory,,Political,"La démission de Hulot, ou les limites du discours écologique de Macron",parismatch,"A break did indeed occur shortly after the presidential election, and the analysis of speeches using the ""The Weight of Words"" app confirms this (see graph).",https://www.parismatch.com/Actu/Politique/La-demission-de-Hulot-ou-les-limites-du-discours-ecologique-de-Macron-1570839,
205,187,When Macron designates the press as an adversary,Exploratory,,Political,Quand Macron désigne la presse comme adversaire,parismatch,,https://www.parismatch.com/Actu/Politique/Ce-que-devoilent-les-insistances-et-les-silences-de-Macron-a-Versailles-1557488,
204,187,What Macron's insistence and silences at Versailles reveal - The Weight of Words,Exploratory,,Political,Ce que dévoilent les insistances et les silences de Macron à Versailles - Le Poids des mots,parismatch,,https://www.parismatch.com/Actu/Politique/Ce-que-devoilent-les-insistances-et-les-silences-de-Macron-a-Versailles-1557488,
203,187,"""Not all words are equal"": a Macronian paradox",Exploratory,,Political,"""Toutes les paroles ne se valent pas"" : un paradoxe macronien",parismatch,"Analysis of the corpus of Emmanuel Macron's speeches compiled for our ""The Weight of Words"" project shows that his use of the word ""intellectuals"" does not carry negative connotations, whereas Marine Le Pen readily accompanies the word with qualifiers intended to ridicule it, denouncing, for example, in 2017, the ""moralism of armchair intellectuals."" However, despite the ""authority"" he claims to recognize in intellectuals, Emmanuel Macron does not appreciate being contradicted by them. In January 2018, he claimed to be on the side of ""the people"" (a word he uses less frequently than his presidential opponents) to dismiss the criticisms leveled by intellectuals who were attacking his immigration policies",https://www.parismatch.com/Actu/Politique/Toutes-les-paroles-ne-se-valent-pas-un-paradoxe-macronien-1614597,
202,187,Exclusive: What the exchanges between Macron and the mayors reveal - The Weight of Words,Exploratory,Variation,Political,Exclusif : ce que dévoilent les échanges entre Macron et les maires - Le Poids des mots,parismatch,,https://www.parismatch.com/actu/politique/exclusif-ce-que-devoilent-les-echanges-entre-macron-et-les-maires-le-poids-des-mots-82592,
201,187,Immigration and secularism: how Macron's rhetoric is evolving,Change,,Political,Immigration et laïcité : comment la rhétorique de Macron évolue,parismatch,,https://www.parismatch.com/Actu/Politique/Immigration-et-laicite-comment-la-rhetorique-de-Macron-evolue-1599491,
200,187,The President's Words Put to the Test - The Weight of Words,Exploratory,,Political,Les mots du président à l'épreuve - Le Poids des mots,parismatch,Data Match analyzed approximately 1.5 million words spoken by the President of the Republic from his inauguration until his televised address on December 10th.,https://www.parismatch.com/Actu/Politique/Les-mots-du-president-a-l-epreuve-1598267,
199,187,"Nicolas Sarkozy's book: Chirac, the most cited figure",Ranking,,Political,"Livre de Nicolas Sarkozy : Chirac, personnage le plus cité",parismatch,,https://www.parismatch.com/Actu/Politique/Livre-de-Nicolas-Sarkozy-Chirac-personnage-le-plus-cite-1633443,
198,187,How the coronavirus has disrupted presidential discourse,Change,,Political,Comment le coronavirus a bouleversé la parole présidentielle,parismatch,"During this period, the perception of time has shrunk. The scale of presidential action is no longer measured in months and years, but in ""days"" and ""weeks,"" reflecting the uncertainties surrounding the evolution of the pandemic and the urgent need for mobilization",https://www.parismatch.com/Actu/Politique/Comment-le-coronavirus-a-bouleverse-la-parole-presidentielle-1689919,
197,187,"Why Macron spoke of ""cheese"" and ""ham"" to the cultural world",Exploratory,,Political,"Pourquoi Macron a parlé de ""fromage"" et de ""jambon"" au monde de la culture",parismatch,,https://www.parismatch.com/Actu/Politique/Pourquoi-Macron-a-parle-de-fromage-et-de-jambon-au-monde-de-la-culture-1684677,
196,196,"A portrait of how the paper of record sees America, one state per tweet",Exploratory,,Cultural,,Twitter,,https://x.com/tedalcorn/status/2054235211509157907?s=12,Twitter
195,165,"Which animals do we gender, and why?",Exploratory,,Cultural,,pudding,,https://www.instagram.com/p/DL2mz6BRsSc/?img_index=1,Instagram
194,119,Crossword puzzle: what Orsi said in his inaugural address,Ranking,,Political,Palabras cruzadas: qué dijo Orsi en su discurso de asunción,elobservador,,https://www.instagram.com/p/DGtCSwsTLaI/?igsh=NTc4MTIwNjQ2YQ%253D%253D&img_index=3,Instagram
193,106,Who had the most contact with Jeffrey Epstein?,Ranking,,Leaks,,economist,,https://www.tiktok.com/@theeconomist/video/7606417592877714710,TikTok
192,166,in pursuit of democracy,Change,,Political,,pudding,"Concludes that ""Congress is more worried about democracy than ever before""",https://pudding.cool/2025/11/democracy/,
191,165,Bears Will Be Boys,Exploratory,,Cultural,,pudding,"I wanted to know: Which animals do we gender, and why?",https://pudding.cool/2025/07/kids-books/,
190,48,NIISA Group's Million-Dollar Contracts with the Vaso de Leche Program | Public Eye,Scale,,Other,Los millonarios contratos del grupo NIISA con el Vaso de Leche | Ojo Público,Ojo Publico,,https://ojo-publico.com/1331/familia-lechera-los-millonarios-contratos-del-grupo-niisa-con-el-vaso-de-leche,
189,48,Funes: 40% of contracts with the Peruvian State carry a risk of corruption | Ojo Público,Scale,,Other,Funes: 40% de las contrataciones con el Estado Peruano tienen riesgo de corrupción | Ojo Público,Ojo Publico,,https://ojo-publico.com/1499/proyecto-funes-riesgos-corrupcion-contratos-publicos,
188,48,Telefónica del Perú sells customer location data and puts their privacy at risk | Ojo Público,Leads,,Other,Telefónica del Perú vende ubicación de clientes y pone en riesgo su privacidad | Ojo Público,Ojo Publico,"The global telecommunications giant sold the Peruvian government the location data of millions of customers who connect to its mobile service. The Spanish company claims the information is anonymized to protect user privacy, but Ojo-Publico.com managed to identify one of the citizens within the sold databases and reported the case to the Personal Data Protection Authority.",https://ojo-publico.com/1393/telefonica-vende-ubicacion-clientes-y-amenaza-seguridad,
187,187,Progressive or conservative? Macron revealed by his speeches,Exploratory,,Political,Progressiste ou conservateur? Macron révélé par ses discours,parismatch,,https://www.parismatch.com/Actu/Politique/Progressiste-ou-conservateur-Macron-revele-par-ses-discours-1743342,
186,186,"At the National Conventions, the Words They Used",Exploratory,,Political,,nytimes,"A comparison of how often speakers at the two presidential nominating conventions used different words and phrases, based on an analysis of transcripts from the Federal News Service.",https://archive.nytimes.com/www.nytimes.com/interactive/2012/09/06/us/politics/convention-word-counts.html?_r=0#nation,
185,47,"Podcast: Trump, Brexit and the rise of populism",Exploratory,,Political,,theguardian,"Populist presidents and prime ministers are associated with significant reductions in economic inequality across the world, according to groundbreaking research that will challenge the assumption that populism only has negative consequences",https://www.theguardian.com/news/audio/2019/mar/11/trump-brexit-rise-of-populism-podcast,
184,47,Revealed: populist leaders linked to reduced inequality,Relationship,,Political,,theguardian,"Populist presidents and prime ministers are associated with significant reductions in economic inequality across the world, according to groundbreaking research that will challenge the assumption that populism only has negative consequences",https://www.theguardian.com/world/2019/mar/07/revealed-populist-leaders-linked-to-reduced-inequality,
183,47,Quiz: How populist were these politicians on the stump?,Exploratory,,Political,,theguardian,"From Nigel Farage to Barack Obama, politicians of left and right have been called populist. But how populist were their campaign speeches? See if you can match the experts’ view",https://www.theguardian.com/world/ng-interactive/2019/mar/08/quiz-how-populist-were-these-politicians-on-the-stump,
182,47,From reformer to 'New Sultan': Erdoğan's populist evolution | Turkey | The Guardian,Exploratory,,Political,,theguardian,The research shows how Erdoğan has been transformed from a cautious reformist prime minister to an authoritarian president whose speeches are as populist as those of the late Venezuelan leader Hugo Chávez.,https://www.theguardian.com/world/2019/mar/11/from-reformer-to-new-sultan-erdogans-populist-evolution,
181,47,Exploring the rise of populism: 'It pops up in unexpected places,Meta,,Political,,theguardian,"We created a partnership with Team Populism, a global network of political scientists, to analyse the hundreds of speeches by presidents, prime ministers and chancellors of 40 countries across the world. A grant from theguardian.org, a US-based non-profit group, enabled us to hire 46 researchers who were trained to identify populist discourse in speeches.",https://www.theguardian.com/membership/2019/jun/22/populism-new-exploring-rise-paul-lewis,
180,47,Theresa May’s rhetoric can be as populist as Trump’s,Ranking,,Political,,theguardian,,https://www.theguardian.com/world/2019/mar/06/theresa-may-british-prime-minister-populism-rhetoric-is-as-rife-as-in-donald-trump-speeches,
179,47,The Teleprompter Test: why Trump's populism is often scripted | Politics | The Guardian,Relationship,,Political,,theguardian,,https://www.theguardian.com/world/ng-interactive/2019/mar/07/the-teleprompter-test-why-trumps-populism-is-often-scripted,
178,178,When Women Make Headlines,Exploratory,,Cultural,,pudding,,https://pudding.cool/2022/02/women-in-headlines/,
177,177,The Big [Censored] Theory,Exploratory,,Cultural,,pudding,,https://pudding.cool/2022/08/censorship/,
176,176,What Literature do we study from the 1990s,Exploratory,,Cultural,,pudding,,https://pudding.cool/2023/01/lit-canon/,
175,175,Failure to Act,Exploratory,,Documents,,pudding,"Almost 1,300 people say New Hampshire failed to act to protect them from child abuse at youth facilities. Here’s what the allegations reveal.",https://ydcpodcast.org/,Dashboard
174,174,"Comparisons as Predictable as the Sunrise: An analysis of 200,000 similes from popular fiction.",Exploratory,,Cultural,,pudding,,https://pudding.cool/2026/05/similes/,
173,173,"18,300 news stories to report by 2025",Exploratory,,Cultural,18.300 noticias para contar 2025,rtve,"In the year that saw Spain experience a major blackout, the world welcome a new pope, and Trump return to the White House, the RTVE Newsroom published 18,285 news stories up to December 26th. This averages 352 news stories per week (or 51 per day), continuing the trend of recent years, with the exception of 2020, when the coronavirus pandemic erupted.",https://www.rtve.es/noticias/20251229/noticias-mas-importantes-2025-rtve/16875212.shtml,
172,172,Below the fold,Exploratory,,Cultural,,Ted Alcorn,Explore Coverage by The New York Times (2000–26),https://tedalcorn.github.io/nyt/,
171,171,Is the Love Song Dying?,Exploratory,,Cultural,,pudding,,https://pudding.cool/2024/11/love-songs/,
170,170,How do animals sound across languages?,Exploratory,,Cultural,,pudding,,https://pudding.cool/2025/03/language/,
169,169,The Real Apologies of The Real Housewives of Salt Lake City,Exploratory,,Cultural,,pudding,,https://pudding.cool/2025/03/housewives/,
168,168,Asian Misrepresentation,Exploratory,,Cultural,,pudding,,https://pudding.cool/2025/05/aapi-casting/,
167,167,Happy Map,Exploratory,,Survey,,pudding,,https://pudding.cool/2026/02/happy-map/,
166,71,Asuntos en las Plataformas de los Partidos Políticos de la Mujer,Exploratory,,Political,,pudding,,https://www.youtube.com/watch?v=LExGIC9iaRA,YouTube
165,71,Women's Issues Within Political Party Platforms,Exploratory,,Political,,pudding,,https://www.youtube.com/watch?v=-DXKDw8l0wY,YouTube
164,163,who killed the world?,Change,,Cultural,,pudding,,https://pudding.cool/2024/07/scifi/,
163,163,"How sci-fi has changed over the last 70 years, analyzed with data.",Change,,Cultural,,pudding,,https://www.youtube.com/watch?v=nRQ2vMpw-n8,YouTube
162,106,Inside Epstein's Network,Ranking,,Leaks,,economist,,https://www.economist.com/interactive/international/2026/02/12/inside-epsteins-network,
161,106,Who had the most contact with Jeffrey Epstein?,Ranking,,Leaks,,economist,,https://www.youtube.com/watch?v=Bsv2Sxj_rRs&t=37s,YouTube
160,106,Which are the most disturbing Epstein emails?,Ranking,,Leaks,,economist,,https://www.youtube.com/watch?v=KwJ4VYkKNp8,YouTube
159,159,Epstein Document Network Explorer,Relationship,,Leaks,,Max Andrews,,https://epsteinvisualizer.com/,
158,157,"Jeffrey Epstein’s elite relationships visualised: the banker, the economist and the director",Relationship,,Leaks,,theguardian,"In this second of a two-part series, The Guardian has focused on Epstein’s links to high-profile people in business and the arts – including the renowned economist and former US treasury secretary Larry Summers, the New York film director Woody Allen and Jes Staley, the former head of Barclays.",https://www.theguardian.com/us-news/ng-interactive/2026/mar/19/jeffrey-epsteins-elite-relationships-visualised-the-banker-the-economist-and-the-director,
157,157,"Jeffrey Epstein’s elite relationships visualised: the prince, the billionaire and the politicians",Relationship,,Leaks,,theguardian,"a Guardian data analysis reveals how frequent, deep and longstanding his ties were to a number of high-profile figures",https://www.theguardian.com/us-news/ng-interactive/2026/mar/18/jeffrey-epsteins-elite-relationships-visualised-the-prince-the-sultan-and-the-politicians,
156,24,Visualizing Lexical Distance in Three Dimensions,Relationship,,Cultural,,Alternative Transport,,https://marcinciura.wordpress.com/2019/08/07/visualizing-lexical-distance-in-three-dimensions/,
155,24,Lexical Distance Among Languages of Europe 2015,Relationship,,Cultural,,Alternative Transport,,https://alternativetransport.wordpress.com/2015/05/05/34/,
154,154,Mathematicians mapped out every “Game of Thrones” relationship to find the main character,Ranking,,Cultural,,Quartz,,https://qz.com/650796/mathematicians-mapped-out-every-game-of-thrones-relationship-to-find-the-main-character,
153,153,Game of Thrones: How much do women speak in the show?,Scale,,Cultural,,bbc,Their algorithm has learned to identify the difference between male and female voices in video and provides the speaking time lengths in seconds and percentages per gender.,https://www.bbc.co.uk/news/entertainment-arts-48335099,
152,152,Why Do People Hate Creed So Much? A Statistical Analysis,Exploratory,,Cultural,,statsignificant,,https://www.statsignificant.com/p/why-do-people-hate-creed-so-much,
151,151,"How Often is AI Depicted in Movies, and How Frequently is it the Villain?",Change,,Cultural,,statsignificant,"For this analysis, I trained a model to parse over 24,000 Wikipedia movie summaries to determine whether a film features an AI character and to classify this figure's relationship with humanity—mainly, whether that computer program is a friend or foe.",https://www.statsignificant.com/p/how-often-is-ai-depicted-in-movies,
150,150,Unpacking the Rise of Fan Fiction: From 'Star Trek' to 'Twilight'—A Statistical Analysis,Change,,Cultural,,statsignificant,"Using Google Ngram Viewer, we can track historical mentions of the terms ""fanzine"" and ""fan fiction"" to chart the rise and fall of these formats over time. According to Google data, the term ""fanzine"" rose to prominence in the early 1960s, steadily growing in popularity until the mid-1990s, when fan culture migrated online and blogging platforms sparked an explosion of ""fan fiction.""",https://www.statsignificant.com/p/unpacking-the-rise-of-fan-fiction?utm_source=post-email-title&publication_id=1213033&post_id=152524559&utm_campaign=email-post-title&isFreemail=true&r=h8or&triedRedirect=true,
149,149,How the electoral presence of leaders reaches its peak,Change,,Political,,imedd,A slight rise in polarizing rhetoric and migration crisis mentions in political leaders’ discourse after the tragedy off the coast of Pylos,https://lab.imedd.org/en/electoral-presence-leaders-reaches-its-peak/,
148,148,King Charles III has mellowed over the past 30 years,Change,,Political,,economist,,https://www.economist.com/britain/2025/09/16/king-charles-iii-has-mellowed-over-the-past-30-years,
147,50,How rightwing rhetoric has risen sharply in the UK parliament – an exclusive visual analysis | The Guardian,Change,,Political,,theguardian,,https://www.theguardian.com/politics/ng-interactive/2026/feb/25/how-rightwing-rhetoric-has…,
146,146,"Rhyme, once in its prime, is in decline | The Economist",Change,,Cultural,,economist,,https://www.economist.com/culture/2025/05/28/rhyme-once-in-its-prime-is-in-decline,
145,145,Street names evoke nature as the real thing vanishes | RSPB,Change,,Text in data,,rspb,A study of Ordnance Survey data has revealed a huge increase in the number of new road names inspired by bird species that have undergone shocking declines. Analysis of OS Open Names data for Great Britain covering 2004 to 2024 found steep increases in the number of streets named after declining birds.,https://www.rspb.org.uk/whats-happening/news/street-names-evoke-nature-as-the-real-thing-vanishes,
144,144,"Pandemic news coverage is falling, but cases keep rising | Storybench",Change,,Cultural,,storybench,"Analysis of 12.5 million national- and state-level news articles collected through Media Cloud. Since its peak in March, media coverage mentioning coronavirus has tapered off while cases continue to rise.",https://www.storybench.org/pandemic-news-coverage-is-falling-but-cases-keep-rising/,
143,143,Cock-ups and slap-downs: A quantitative analysis of conspiracy rhetoric in the British Parliament 1916–2015 | Historical Methods,Change,,Political,,tandfonline,The authors use Hansard to demonstrate a significant and steady reduction in the number of conspiracy claims advanced in parliament. This trend was reinforced by a trope that established itself in the 1980s and juxtaposed conspiracies with cock-ups.,https://www.tandfonline.com/doi/abs/10.1080/01615440.2017.1320616,
142,142,Manifesto analysis highlights changing priorities | Medium,Change,,Political,,Medium,,https://medium.com/@ClareHarvey2/manifesto-analysis-highlights-changing-priorities-c7d81c21af9c,
141,141,John Burn-Murdoch on X: analysis of millions of books suggesting western society is shifting away from a culture of progress,Change,,Cultural,,Twitter,"Analysis of millions of books published over the centuries suggests western society is shifting away from a culture of progress and towards one of caution, worry and risk-aversion.",https://twitter.com/jburnmurdoch/status/1743238493248037167?s=12&t=oEwMkjIJwOFpyXJc2zZyxw,Twitter
140,140,George Mack on Twitter: The Rise of Negative Media,Change,,Cultural,,Twitter,"Since 2010, the media massively increased headlines that use fear, anger, disgust, and sadness.",https://twitter.com/george__mack/status/1640010316468858880,Twitter
139,139,These Graphs Show How Much 'Words of the Year' Actually Get Used After They Join the Dictionary | Vice,Change,,Online/social,,vice,,https://www.vice.com/en/article/3b7e4y/vape-chav-simples-word-of-the-year-dictionaries-505,
138,138,The war in Ukraine has made Russian social-media users glum | The Economist,Change,,Online/social,,economist,,https://www.economist.com/graphic-detail/2022/03/12/the-war-in-ukraine-has-made-russian-so…,
137,137,The rise and fall of US enemies and allies in State of the Union speeches | The Guardian,Change,,Political,,theguardian,,https://www.theguardian.com/us-news/2022/mar/02/biden-state-of-the-union-visualisation-rus…,
136,136,Foul-mouthed mothers are causing problems for Mumsnet | The Economist,Change,,Online/social,,economist,Sponsors fear that their adverts sit alongside ever-ruder content—and they are right,https://www.economist.com/britain/2017/09/16/foul-mouthed-mothers-are-causing-problems-for…,
135,135,Stuart Soroka on Twitter: Trump share of coverage analyses,Change,,Cultural,,Twitter,"After lots of discussion in 2016-17 about whether news gave too much time to Trump, it seems he is getting an especially huge share of coverage in 2020.",https://twitter.com/s_soroka/status/1306926094646419456,Twitter
134,134,Congressional acronym abuse,Change,,Political,,noahveltman,,https://noahveltman.com/acronyms/,
133,133,"From nine mentions a year to 9,000: How MPs caught the 'Brexit' bug | Belfast Telegraph",Change,,Cultural,,belfasttelegraph,Every mention of the word Brexit in the House of Commons tracked and counted.,https://www.belfasttelegraph.co.uk/news/uk/from-nine-mentions-a-year-to-9000-how-mps-caugh…,
132,132,Toxic' tweets aimed at MPs soar after Johnson outburst | FT,Change,,Online/social,,ft,"Tweets were classified as toxic using Perspective, a tool created by Jigsaw, which uses machine learning models trained on millions of examples to score the perceived impact a comment might have on a conversation.",https://www.ft.com/content/89096bfa-f8b9-11e9-a354-36acbbb0d9b6,
131,131,The rise of the ALL CAPS song | Quartzy,Change,,Cultural,,qz,,https://qz.com/quartzy/1690992/the-rise-of-the-all-caps-song/,
130,47,Revealed: the rise and rise of populist rhetoric | The Guardian,Change,,Political,,theguardian,"Hawkins trained 46 paid researchers to identify populist discourse in speeches in 13 different languages. They analysed four speeches for each leader's term in office, and an average was taken for an overall populism score.",https://www.theguardian.com/politics/ng-interactive/2026/feb/25/how-rightwing-rhetoric-has-risen-sharply-in-the-uk-parliament-an-exclusive-visual-analysis,
129,129,Matt Chorley on Twitter: How Theresa May is getting clearer and clearer,Change,,Political,,Twitter,"I have been clear, Let me be clear, I am clear, I was clear, Made it clear – tracking Theresa May's use of the word clear.",https://twitter.com/MattChorley/status/1090163540030377985,Twitter
128,128,Revealed: immigration rules in UK more than double in length | The Guardian,Change,,Documents,,theguardian,"The overall number of changes made to the rules since 2010 spans almost 600,000 words, running to a length greater than Tolstoy's War and Peace.",https://www.theguardian.com/uk-news/2018/aug/27/revealed-immigration-rules-have-more-than-…,
127,127,BBC News – How today's dressed-down Queen's Speech compares | Facebook,Change,,Political,,facebook,,https://www.facebook.com/bbcnews/videos/1836551699695013/,
126,126,How the second election campaign in a month got started,Exploratory,,Political,,imedd,,https://lab.imedd.org/en/to-anoigma-tis-defteris-proeklogikis-periodou/,
125,125,Immigration in the election discourse of political leaders,Exploratory,,Political,,imedd,"Based on the data we collected for our research on political discourse during the election campaign (encompassing the period leading up to the May 21 elections and the subsequent June 25 elections) indicates that, until the aforementioned tragedy occurred, the issue of migration was either completely absent from the agenda of political leaders or received only passing mentions in their speeches. Of particular interest is how the issue was framed and the connotations associated with it.",https://lab.imedd.org/en/immigration-election-discourse-political-leaders/,
124,124,With the weapons of words,Exploratory,,Political,mit den waffen der worte,sueddeutsche,,https://www.sueddeutsche.de/projekte/artikel/politik/ukraine-analyse-von-selenskijs-reden-e780854/?reduced=true,
123,123,The Russian population perceives the West as a threat. Why is that?,Exploratory,,Online/social,Die russische Bevölkerung hält den kollektiven Westen für eine Bedrohung. Wieso ist das so?,sueddeutsche,A data analysis of millions of articles from a Russian state media outlet reveals the methods used to deliberately influence public opinion.,https://www.sueddeutsche.de/projekte/artikel/politik/russland-propaganda-ria-novosti-e261162/,
122,122,Political discourse during the two-month election period,Exploratory,,Political,,imedd,"We analyzed Greek political speeches for populism, polarization, sentiment, topic etc back in 2023. I believe the first of it s kind. https://lab.imedd.org/en/elections-2023/ The project resulted in two papers: https://arxiv.org/abs/2410.13400 (to be published in the Springer volume Computational Methods for the Digital Humanities)",https://lab.imedd.org/en/o-politikos-logos-kata-ti-dimini-proeklogiki-periodo/,
121,121,"From combative tone to ""comrade"" Kamala: an analysis of the X-shaped crossroads between Trump and Harris",Exploratory,,Political,"Del tono combativo a la ""camarada"" Kamala: un análisis de los cruces en X de Trump y Harris",elobservador,El Observador USA analizó el lenguaje que usan los dos candidatos a la presidencia en X desde la vuelta de Trump a la red social de Elon Musk. Cuáles son los términos más usados y cómo mencionan a sus rivales.,https://www.elobservador.com.uy/estados-unidos/politica/del-tono-combativo-la-camarada-kamala-un-analisis-los-cruces-x-trump-y-harris-n5964928,
120,120,Evasive or confrontational? The debate speeches of Orsi and Delgado analyzed from verbal data,Exploratory,,Political,¿Esquivo o confrontativo? Los discursos del debate de Orsi y Delgado analizados desde los datos verbales,elobservador,"Los datos revelan cómo las palabras más usadas, referencias cruzadas y estilos de Orsi y Delgado marcaron estrategias opuestas en el debate presidencial.",https://www.elobservador.com.uy/politica/esquivo-o-confrontativo-los-discursos-del-debate-orsi-y-delgado-analizados-los-datos-verbales-n5970994,
119,119,"Words and priorities: what Yamandú Orsi said in his first speech as president, according to the data",Exploratory,,Political,"Palabras y prioridades: qué dijo Yamandú Orsi en su primer discurso como presidente, según los datos",elobservador,"Qué revelan los datos sobre el primer discurso de Orsi. Las palabras clave, los temas de agenda y su conexión con las medidas que implementará",https://www.elobservador.com.uy/politica/palabras-y-prioridades-que-dijo-yamandu-orsi-su-primer-discurso-como-presidente-segun-los-datos-n5987583,
118,118,Freedom according to Lacalle Pou in 2020 and Orsi in 2025: from the rejection of Hobbes to the critique of ultra-individualism,Exploratory,,Cultural,La libertad según Lacalle Pou en 2020 y Orsi en 2025: del rechazo a Hobbes hasta la crítica al ultraindividualismo,elobservador,"Hace 5 años, Lacalle Pou se paró en el mismo lugar que Orsi para dar su primer discurso presidencial. ¿Qué similitudes tuvieron sus discursos y qué diferencias?",https://www.elobservador.com.uy/nacional/la-libertad-segun-lacalle-pou-2020-y-orsi-2025-del-rechazo-hobbes-la-critica-al-ultraindividualismo-n5987652,
117,117,"Murga, bolero, milonga, rock and Beatles: this is how Jaime Roo's multi-genre work is built",Exploratory,,Cultural,"Murga, bolero, milonga, rock y Beatles: así se construye la obra multigénero de Jaime Roo",elobservador,"A 40 años de Brindis por Pierrot, Jaime Roos sigue siendo un referente de la fusión musical, uniendo géneros y culturas en un estilo tan diverso como montevideano",https://www.elobservador.com.uy/cultura-y-espectaculos/murga-bolero-milonga-rock-y-beatles-asi-se-construye-la-obra-multigenero-jaime-roos-n6022099,
116,116,‘Without justice’ How Eswatini’s system is failing victims of gender-based violence,Exploratory,,Other,,CCIJ,,https://veza.news/article/2024/10/24/without-justice-how-eswatinis-system-is-failing-victims-of-gender-based-violence/,
115,115,"October 1st Comes, the Speeches Follow",Exploratory,,Political,,Dataphyte,,https://dataphyte.com/issue/data-dives/2025/10/october-1st-comes-the-speeches-follow,
114,114,How riot rumours spread on Twitter,Exploratory,,Online/social,,theguardian,,https://www.theguardian.com/uk/interactive/2011/dec/07/london-riots-twitter,
113,113,A Power BI dashboard of Prime Minister's Questions debates since 1997,Exploratory,,Political,,ucovi-data,,https://www.ucovi-data.com/DataViz/PowerBIDBf.html,
112,112,What does AI think about Ukraine? Exploring the biases of large language models,Exploratory,,Other,,Texty,"Together with OpenBabylon, Texty.org.ua formulated 2803 questions about Ukraine in English, asked them to 27 language models, and evaluated their answers. This way, we found out which of them are the most biased. We analyzed models from different countries, from the US to China, which are publicly available, i.e., those that can be downloaded to your computer for free and studied.",https://texty.org.ua/projects/115751/what-does-ai-think-about-ukraine-exploring-the-biases-of-large-language-models/,
111,111,Illuminating facts about the UK's art collection,Exploratory,,Cultural,,bbc,"Horses are a more popular artistic subject than dogs - that's one of 10 illuminating facts unearthed by BBC analysis of Art UK's digital archive, which catalogues more than 200,000 of the nation's oil paintings.",https://www.bbc.co.uk/news/uk-england-38340015,
110,110,We’ve got bad news!,Exploratory,,Online/social,,Texty,We’ve used the machine algorithms to examine approximately a million of texts published on such “junk websites” within a year. Here’s what we have found out.,https://texty.org.ua/d/2018/mnews/eng/,
109,109,The hidden structure of the Apple keynote,Exploratory,,Video,,quartz,"To understand their hidden structure, Quartz reviewed more than a dozen Apple keynotes, logging and analyzing key elements. Here’s what we found.",https://qz.com/261181/the-hidden-structure-of-the-apple-keynote,
108,23,Inside the everyday Facebook networks where far-right ideas grow,Exploratory,,Online/social,,theguardian,The Guardian spent a year studying an online community trading in anti-immigration sentiment and misinformation. Experts say such spaces can play a role in radicalisation,https://www.theguardian.com/world/ng-interactive/2025/sep/28/inside-the-everyday-facebook-networks-where-far-right-ideas-grow,
107,107,USA Today Data and Visual Journalists Win Innovative Storytelling Award,Exploratory,,Online/social,,USA Today,"The winning story titled 'Hope' is out, 'fight' is in: Does tweeting divide Congress, or simply echo its division? left that seminal question unanswered. But the animated analysis unspooled to show how lawmakers are segregating into distinct rhetorical clusters linked by party, effectively speaking different languages and how the parties are increasingly talking about different issues.",https://nationalpress.org/award-story/usa-today-data-and-visual-journalists-win-innovative…,
106,106,Inside Jeffrey Epstein's network | The Economist,Exploratory,,Documents,,economist,"We analysed 1.4m emails sent to and from Jeffrey Epstein over more than a decade. With the help of a large language model we looked at more than 500 of his closest connections. The LLM scored each email chain on how disturbing its content is, creating an alarm index.",https://www.economist.com/interactive/international/2026/02/12/inside-epsteins-network,
105,105,Explore the Epstein Files at the touch of a button | Daily Mail Online,Exploratory,,Documents,,dailymail,,https://www.dailymail.co.uk/news/article-15530667/Epstein-Files-revelation-read-analysis.h…,
104,104,Are Europe's fashion brands as green as they say? | DW,Exploratory,,Other,,dw,Many European luxury and fast fashion brands have set themselves ambitious sustainability targets. But how many of these have actually been met? DW investigates.,https://www.dw.com/en/fashion-brands-sustainability-commitments/a-74716981,
103,103,YouTube's Right-Wing Stars Fuel Boom in Politically Charged Ads | Bloomberg,Exploratory,,Online/social,,bloomberg,"A Bloomberg analysis of host-read ads across nearly 1,000 videos from eight of the platform’s top right-leaning podcasters found that advertisers on the shows routinely tapped into political identity in marketing. At least one host-read ad with a political message appeared in 91% of videos reviewed.<!----></p><!----> <p class=""copy-width svelte-w08ifz""><!----><!---->Three in 10 advertisers relied on ideological appeals — emphasizing “pro-life,” Christian, pro-gun, “America first,” or pro-military themes, or attacking Democrats, gender identity or policies they described as liberal. Roughly a quarter promoted the “Make America Healthy Again” agenda or pushed health and wellness products that they framed as natural or an alternative to conventional medicine. About 16% leaned on safety and security themes, while another fifth invoked anti-establishment rhetoric, railing against big corporations, public agencies, or institutions in medicine, education and finance. Several also catered to a distinctly masculine audience, tapping into a segment of the population that, polling data show, came out in force for Trump last year — <a href=""https://www.bloomberg.com/graphics/2025-youtube-podcast-men-for-trump/"" rel=""noopener noreferrer"" target=""_blank"" data-terminal=""NSN SQK50BT0G1KW"">many of them electrified by the podcasts</a> that were part of this analysis.",https://www.bloomberg.com/graphics/2025-conservative-youtube-stars-marketing-boom/?embedde…,
102,102,NYC's Urban Textscape | The Pudding,Exploratory,,Other,,pudding,Media artist Yufeng Zhao fed millions of publicly-available panoramas from Google Street View into a computer program that transcribes text within the images. The result is a search engine of much of what's written in NYC's streets.,https://pudding.cool/2025/07/street-view/,
101,101,"Elon Musk, X and the shaping of British politics | YouTube",Exploratory,,Online/social,,sky,,https://www.youtube.com/watch?v=xq6M4kaEFBY,YouTube
100,100,How the world's richest man is boosting the British right | Sky News,Exploratory,,Online/social,,sky,"For nine months, Sky News' Data and Forensics team has been investigating whether X's algorithm amplifies right-wing and extreme content. It does.",https://news.sky.com/story/the-x-effect-how-elon-musk-is-boosting-the-british-right-134644…,
99,99,Carousel of Emotions. Manipulation Level of Ukrainian Telegram Channels | Texty,Exploratory,,Online/social,,texty,We have trained a large language model to detect the most common manipulation techniques in Telegram channel posts.,https://texty.org.ua/projects/113693/carousel-of-emotions-manipulation-level-of-ukrainian-…,
98,98,Artificial intelligence opened up the great information vault,Exploratory,,Other,,translate,"ChatGPT helped me to summarize huge amounts of text in Arabic with keywords and to find patterns in a way that allowed me to see a narrative, enabling a fairly clear picture of how Sweden is presented in Al Jazeera's channels.",https://www-sujo-no.translate.goog/prosjekt/kunstig-intelligens-apnet-opp-det-store-inform…,
97,97,Inside the Movement Behind Trump's Election Lies | The New York Times,Exploratory,,Online/social,,nytimes,"A machine-learning model was used to transcribe recordings totalling almost five million words. Several large-language models were then employed to search transcripts for topics, notable guests and recurring themes. Every quote was checked against the original recording.",https://www.nytimes.com/interactive/2024/10/28/us/politics/inside-the-movement-behind-trum…,
96,96,Is Sleep Training Harmful? | The Pudding,Exploratory,,Online/social,,pudding,"Looking at the 20 most popular sleep training profiles on Instagram and categorising each as advocating, no position or opposing, the platform's discourse leans against sleep training.",https://pudding.cool/2024/07/sleep-training/,
95,95,"Strikes, the key to morale, 'generating evidence', observations and pay | Teacher Tapp",Exploratory,,Other,,theoutlier,,https://teachertapp.co.uk/articles/strikes-the-key-to-morale-generating-evidence-observati…,
94,94,Tech layoffs as told by CEOs in 48 all-staff memos | Washington Post,Exploratory,,Other,,washingtonpost,,https://www.washingtonpost.com/business/interactive/2023/tech-layoffs-company-memos/,
93,93,Inauguration speeches in wordclouds | The Guardian,Exploratory,,Political,,theguardian,,https://www.theguardian.com/world/gallery/2009/jan/21/obama-inauguration-word-clouds-galle…,Vis
92,92,"A Sort of Joy. Performing MoMA's 120,000 objects | Medium",Exploratory,,Cultural,,Medium,Asking what the most popular first name for an artist in the MoMA collection is reveals 200 artists named John. The top 30 most popular first names are almost exclusively Western male names.,https://medium.com/memo-random/a-sort-of-joy-1d9d5ff02ac9,
91,91,Baby names: A deep dive into Scottish naming trends across 50 years | The Courier,Exploratory,,Other,,thecourier,,https://www.thecourier.co.uk/fp/courier-investigations/3135287/baby-names-scotland/,
90,90,#SONA2022: How does it compare to the last 5 speeches by Ramaphosa? | The Outlier,Exploratory,,Political,,theoutlier,,https://theoutlier.co.za/news/82289/sona2022-how-does-it-compare-to-the-last-5-speeches-by…,
89,89,Stormont: where Northern Irish politics splits and where it holds together | The Guardian,Exploratory,,Political,,theguardian,,https://www.theguardian.com/politics/ng-interactive/2021/jun/22/stormont-where-northern-ir…,
88,88,We archived 84 million tweets to learn about the pandemic | The Conversation,Exploratory,,Online/social,,theconversation,,https://theconversation.com/we-archived-84-million-tweets-to-learn-about-the-pandemic-each…,
87,87,Samba's Lexicon,Exploratory,,Cultural,,lexicodosamba,,https://www.lexicodosamba.com.br/en/,
86,86,The Naked Truth | The Pudding,Exploratory,,Other,,pudding,"A 2020 study found that dark foundation shades were largely named after the least valuable substances while lighter shades were labelled after decorative, valuable and precious objects. The analysis revealed similar results with patterns of microaggressions targeting Black and Brown consumers.",https://pudding.cool/2021/03/foundation-names/,
85,85,Emotional arcs of the past ten US presidential inaugural addresses | Periscopic,Exploratory,,Political,,periscopic,"An examination of the facial expressions of the last six presidents during the past 10 inaugurations revealed remarkable differences in moods and emotions. Five of the past six presidents were either positive or measured, a striking contrast to the negative countenance of Trump's inaugural remarks.",https://emotions.periscopic.com/inauguration/,
84,84,Emotion and sentiment analysis of Taylor Swift lyrics | RPubs,Exploratory,,Cultural,,rpubs,,https://rpubs.com/RosieB/taylorswiftlyricanalysis,
83,83,Read the Plaque,Exploratory,,Other,,readtheplaque,,https://readtheplaque.com/map,Vis
82,82,A text analysis of Game of Thrones | SAS Support Communities,Exploratory,,Cultural,,sas,,https://communities.sas.com/t5/SAS-Text-and-Content-Analytics/A-text-analysis-of-Game-of-T…,
81,81,"260,000 Words, Full of Self-Praise, From Trump on the Virus | The New York Times",Exploratory,,Online/social,,nytimes,"The most recurring utterances from Trump in the briefings are self-congratulations, roughly 600 of them, often predicated on exaggerations and falsehoods. He credits others more than 360 times but also blames others more than 110 times.",https://www.nytimes.com/interactive/2020/04/26/us/politics/trump-coronavirus-briefings-ana…,
80,80,Trump's Middle East plan and a century of failed deals | Al Jazeera,Exploratory,,Political,,aljazeera,All 181 pages of Trump's Vision for Peace were read and compared to the most notable documents on the Israeli-Palestinian conflict starting with the Balfour Declaration of 1917.,https://interactive.aljazeera.com/aje/2020/the-failed-deals-of-the-century/index.html,
79,79,150 years of Nature: a data graphic charts our evolution | Nature,Exploratory,,Cultural,,nature,,https://www.nature.com/articles/d41586-019-03305-w,
78,78,The political climate | Tortoise Media,Exploratory,,Political,,tortoisemedia,,https://members.tortoisemedia.com/2019/11/27/climate-election/content.html?sig=sgLRy-vdk3q…,
77,77,Laughing OnLine | The Pudding,Exploratory,,Online/social,,pudding,,https://pudding.cool/2019/10/laugh/,
76,76,70 Jahre Bundestag: Darüber spricht der Bundestag | ZEIT Online,Exploratory,,Political,,zeit,"Analysis of all speeches in the German parliament. Some phrases and ideas come and go, others just get more popular – Europe for instance is mentioned far more frequently now than before.",https://www.zeit.de/politik/deutschland/2019-09/bundestag-jubilaeum-70-jahre-parlament-red…,
75,75,Last Orderrrrs! Speaker John Bercow's career in numbers | BBC News,Exploratory,,Political,,bbc,,https://www.bbc.co.uk/news/amp/uk-politics-50237401,
74,74,We Read 150 Privacy Policies. They Were an Incomprehensible Disaster | The New York Times,Exploratory,,Other,,nytimes,Analysis of the length and readability of privacy policies from nearly 150 popular websites and apps. Facebook's privacy policy takes around 18 minutes to read in its entirety.,https://www.nytimes.com/interactive/2019/06/12/opinion/facebook-google-privacy-policies.ht…,
73,73,Sing My Name | The Pudding,Exploratory,,Cultural,,pudding,Which names do artists sing about? The story explores as many ways as possible to answer this question.,https://pudding.cool/2019/05/names-in-songs/,
72,72,How have the candidates used Twitter during the campaign? | manuelbcu.github.io,Exploratory,,Online/social,,github,,https://manuelbcu.github.io/An-lisis-twitter-pol-ticos/,
71,71,Women's Issues Within Political Party Platforms | The Pudding,Exploratory,,Political,,pudding,"Every political party platform between 1840 and 2016 was examined to find how often women's issues appeared. 45 documents, 934,068 total words, 28,854 words related to women.",https://pudding.cool/projects/votes-for-women/,
70,70,Colin Morris on Twitter: Gyllenhaal spelling as a Sankey diagram,Exploratory,,Online/social,,Twitter,People's attempts to spell Gyllenhaal shown as a Sankey diagram. Success rate approximately 20%.,https://twitter.com/HalfEatenScone/status/1084855992154640388,Twitter
69,69,The Gyllenhaal Experiment | The Pudding,Exploratory,,Online/social,,pudding,Colin Morris explored the difficulties of spelling by identifying Reddit comments with (sp?) next to words. Jake Gyllenhaal and other celebrities were atop the list.,https://pudding.cool/2019/02/gyllenhaal/,
68,68,Wind and Words: an interactive Game of Thrones data visualisation,Exploratory,,Cultural,,wind-and-words,,http://beta.wind-and-words.com/,
67,67,30 Years of American Anxieties | The Pudding,Exploratory,,Other,,pudding,"Dear Abby has offered counsel to thousands of worried readers for more than half a century. Syndicated in more than 1,200 newspapers at the height of its popularity, it offers an unprecedented look at the landscape of worries that dominate US life.",https://pudding.cool/2018/11/dearabby/,
66,66,"Casting Shakespeare: Gender, Age, and Race in the Casting of Actors",Exploratory,,Cultural,,ericwilliamlin,,https://ericwilliamlin.com/shakespeare_production_data/,
65,65,What 1.2 million parliamentary speeches can teach us about gender representation | The Pudding,Exploratory,,Political,,pudding,,https://pudding.cool/2018/07/women-in-parliament,
64,64,"Trump, in his own words | Towards Data Science",Exploratory,,Online/social,,towardsdatascience,,https://towardsdatascience.com/trump-in-his-own-words-62af05ad76d4,
63,63,Julia Silge - Punctuation in literature,Exploratory,,Cultural,,juliasilge,,https://juliasilge.com/blog/punctution-literature/,
62,62,The weight of words (and data) | Medium,Meta,,Political,,Medium,,https://medium.com/@smfrogers/the-weight-of-words-and-data-a3a3606d75aa,
61,61,Analysing 23 years of shareholder letters | Amazon,Exploratory,,Other,,github,,https://benmatheson.github.io/amazon/,
60,60,"Brexit: Analysis of 30,000 Comments in Leave and Remain Facebook Groups | The New Man",Exploratory,,Online/social,,thenewman,,https://www.thenewman.co.uk/blogs/research/brexit-remainers-vs-leavers,
59,59,The Structure of Stand-Up Comedy | The Pudding,Exploratory,,Cultural,,pudding,,https://pudding.cool/2018/02/stand-up/,
58,58,Counting words in SOTU speeches | Medium,Exploratory,,Political,,Medium,,https://medium.com/@barbaramaseda/counting-words-in-sotu-speeches-f6ca32d0e87,
57,57,Exploring trends in the CIA's CREST database | MuckRock,Exploratory,,Other,,muckrock,Looking at keywords in the CIA's CREST database metadata. Includes an On This Day in CIA History bot built with the data.,https://www.muckrock.com/news/archives/2017/sep/21/trend-cia-crest-database/,
56,56,Word Usage in Sacred Texts | Tableau Public,Exploratory,,Cultural,,tableau,,https://public.tableau.com/views/WordUsageinSacredTextsWIP/Comparison,
55,55,How to Know What Donald Trump Really Cares About: Look at What He's Insulting | The New York Times,Exploratory,,Online/social,,nytimes,,http://www.nytimes.com/interactive/2016/12/06/upshot/how-to-know-what-donald-trump-really-…,
54,54,Scientists Use Big Data to Discover 6 Basic Emotional Arcs in Stories | Paul Bradshaw's tumblelog,Exploratory,,Cultural,,tumblr,,http://paulbradshaw.tumblr.com/post/152242523955/via-scientists-use-big-data-to-discover-6…,
53,53,"Newly unearthed Nigel Farage videos reveal support for rioter, neo-Nazi event and far-right slogans | The Guardian",Leads,,Online/social,,theguardian,The Guardian discovered the time and date his videos were uploaded – and how much Farage charges for them – in the publicly available source code embedded in the platform's website. The code also reveals the prompts Farage sees when he records his videos.,https://www.theguardian.com/uk-news/ng-interactive/2026/mar/17/nigel-farage-videos-support…,
52,52,Who Is Behind QAnon? Linguistic Detectives Find Fingerprints | The New York Times,Leads,,Online/social,,nytimes,AI was used to find patterns in the language used in anonymous posts and those of individuals suspected to be behind the account. The researchers then used AI to figure out which individual's posts were most similar to the anonymous ones.,https://www.nytimes.com/2022/02/19/technology/qanon-messages-authors.html,
51,23,"Reading the post-riot posts: how we traced far-right radicalisation across 51,000 Facebook messages",Meta,,Online/social,,theguardian,Tracing profiles of those charged with online offences in summer 2024 helped us map a thriving social ecosystem trading far-right sentiment and political disillusionment,https://www.theguardian.com/world/2025/sep/28/reading-the-post-riot-posts-how-we-traced-far-right-radicalisation-across-51000-facebook-messages,
50,50,Behind the Guardian's analysis of 100 years of MPs' language on immigration | The Guardian,Meta,,Political,,theguardian,"The researchers first used a list of trigger terms manually designed and verified by experts on immigration history to identify speeches most likely to be about immigration. To build the dataset on which the sentiment model was trained, a team of 12 people manually labelled more than 1,250 fragments of parliamentary speeches.",https://www.theguardian.com/politics/2026/feb/25/behind-the-guardians-analysis-of-100-years-of-mps-language-on-immigration,
49,49,How Sky News investigated X's algorithm for political bias | Sky News,Meta,,Online/social,,sky,,https://news.sky.com/story/how-sky-news-investigated-xs-algorithm-for-political-bias-13463916,
48,48,FUNES · An algorithm against corruption | OjoPúblico,Exploratory,,Other,FUNES · Un algoritmo contra la corrupción | OjoPúblico,Ojo Publico,"The Funes tool from Peru's OjoPúblico adapts a contracting risk model to the Peruvian context. Using data scraped from five public databases, the algorithm analysed hundreds of thousands of Peruvian public procurement documents using 20 risk indicators.",https://ojo-publico.com/especiales/funes/,
47,47,How we measured the rise of populist rhetoric | The Guardian,Meta,,Political,,theguardian,,https://www.theguardian.com/world/2019/mar/06/how-we-combed-leaders-speeches-to-gauge-populist-rise,
46,46,Lula and Bolsonaro focus on the economy and ignore corruption on YouTube,Ranking,,Political,,folha,,https://www1.folha.uol.com.br/poder/2022/09/lula-e-bolsonaro-focam-economia-e-ignoram-corrupcao-no-youtube.shtml,
45,45,Lula highlights social issues online in 100 days and engages less than Bolsonaro,Ranking,Scale,Political,,folha,Social issues gained prominence in the first hundred days of his third government. 42% of posts made by the president dealt with this theme.,https://www1.folha.uol.com.br/poder/2023/04/lula-destaca-temas-sociais-na-internet-em-100-dias-e-engaja-menos-do-que-bolsonaro.shtml,
44,44,The symbolic universe: the words most used by Jaime Roos in his musical work,Ranking,,Cultural,El universo simbólico: las palabras más usadas por Jaime Roos en su obra musical,elobservador,"Con la calle, el mar y la noche como protagonistas, Jaime Roos construye un paisaje montevideano que hace de escenario, pero que también ha definido la identidad de su obra",https://www.elobservador.com.uy/cultura-y-espectaculos/el-universo-simbolico-las-palabras-mas-usadas-jaime-roos-su-obra-musical-n6022101,
43,43,"Boulos and Marçal direct attacks at Nunes, shows Folha's 'Debate in Numbers'",Ranking,,Political,,folha,,https://www1.folha.uol.com.br/poder/2024/09/boulos-e-marcal-direcionam-ataques-a-nunes-mostra-ferramenta-da-folha.shtml?pwgt=ld7otqixozf3o5bikbrzfc8l8dw5j5p1beg3wu2996fxwv0i&utm_source=whatsapp&utm_medium=social&utm_campaign=compwagift,
42,42,federal-election-2025-data-analysis-of-the-campaign-speeches-of-the-chancellor-candidates,Ranking,,Political,,spiegel,"In a comprehensive data analysis, SPIEGEL examined campaign speeches by the four chancellor candidates whose parties are leading in the polls. We analyzed sentence by sentence which topics the four candidates focused on in their campaigns and whether they aimed to give voters hope, address their concerns, or primarily express outrage.",https://www.spiegel.de/politik/bundestagswahl-2025-datenanalyse-der-wahlkampfreden-der-kanzlerkandidaten-a-92e1b537-5f39-44ba-8f39-1f2433a5c647,
41,41,EU foreign policy: Which countries dominate the agenda?,Ranking,,Political,,dw,"European lawmakers rarely discuss African, Asian and Latin American affairs, a DW data analysis shows. Ukraine, Russia and China remain top of the agenda.",https://www.dw.com/en/eu-foreign-policy-which-countries-dominate-the-agenda/a-69236555,
40,40,Did a fun experiment: What are the main themes emerging from the 100+ Nieman Journalism Lab predictions for 2025?,Ranking,,Cultural,,linkedin,,https://www.linkedin.com/posts/fdaudens_did-a-fun-experiment-what-are-the-main-themes-ugcP…,
39,39,Doncaster has the least sexist street names in Britain | Doncaster Free Press,Ranking,,Other,,doncasterfreepress,"To estimate the gender breakdown of street names, Holiday Cottages scraped the names of 214,757 streets from Britain's 50 most populated cities. Each street name was categorised into male, female or non-gendered.",https://www.doncasterfreepress.co.uk/news/people/doncaster-has-least-sexist-street-names-b…,
38,38,Spell-O-L: Hilarious Misspellings in Reddit Comments | Tableau Public,Ranking,,Online/social,,tableau,,https://public.tableau.com/en-us/s/gallery/spell-o-l-hilarious-misspellings-reddit-comment…,
37,37,The size of things: an ngram experiment | Colin Morris,Ranking,,Cultural,,github,,http://colinmorris.github.io/blog/size-of-things,
36,36,What we found in Facebook ads by Russians accused of election meddling | USA Today,Ranking,,Online/social,,usatoday,"Of roughly 3,500 ads, more than half made express references to race, accounting for 25 million ad impressions. At least 25% of the ads centred on issues involving crime and policing, often with a racial connotation.",https://www.usatoday.com/story/news/2018/05/11/what-we-found-facebook-ads-russians-accused…,
35,35,Unpaid internships: How working for free went mainstream | ABC News Australia,Ranking,,Other,,abc,"A text analysis of 1,054 job descriptions reveals the most common words and phrases advertisers used to attract interns. The most common words tended to have positive associations.",http://www.abc.net.au/news/2018-05-03/what-job-ads-reveal-about-the-rising-internship-cult…,
34,34,What Is Congress Talking About? | ProPublica,Ranking,,Political,,propublica,"A new page on ProPublica's Represent database tracks what Congress members have said in the past week, picking out phrases most distinctive to that week's batch of kudos and complaints in Congressional press releases.",https://www.propublica.org/nerds/what-is-congress-talking-about,
33,33,The Worst Tweeter In Politics Isn't Trump | FiveThirtyEight,Ranking,,Online/social,,fivethirtyeight,,https://fivethirtyeight.com/features/the-worst-tweeter-in-politics-isnt-trump/,
32,32,General election 2017: manifesto word count | The Guardian,Ranking,,Political,,theguardian,,https://www.theguardian.com/politics/datablog/2017/may/20/general-election-2017-manifesto-word-count-in-data,
31,31,1983 isn't the most left-wing Labour manifesto | Medium,Ranking,,Political,,Medium,"The Comparative Manifestos Project systematically codes party manifestos by breaking each into sentences and giving them one of 56 codes, producing a left-right score for each manifesto.",https://medium.com/@chrishanretty/1983-isn-t-the-most-left-wing-labour-manifesto-db0898016…,
30,30,25 eBay buzzwords that can double your profits | Mirror Online,Ranking,,Online/social,,mirror,,http://www.mirror.co.uk/money/25-ebay-buzzwords-can-double-7937083,
29,29,Donald Trump delivered the most 'American' inauguration speech ever | The Telegraph,Ranking,,Political,,telegraph,,http://www.telegraph.co.uk/news/2017/01/20/donald-trump-just-delivered-american-inaugurati…,
28,28,President Obama is among the wordiest State of the Union speakers ever | Vox,Ranking,,Political,,vox,,http://www.vox.com/2016/1/11/10736570/obama-wordy-state-of-the-union,
27,27,Failure to act on coroners' advice blamed for thousands of deaths | The Times,Scale,,Other,,thetimes,"Analysis by the Times and King's College London's Preventable Deaths Tracker project suggested that failures to act on coroners' warnings could be linked to thousands of unnecessary deaths. Of the 37,000 inquests last year, coroners prepared Reports to Prevent Future Deaths in 547 cases.",https://www.thetimes.com/uk/healthcare/article/failure-to-act-on-coroners-advice-blamed-fo…,
26,26,How Have Song Lyrics Changed Since the 1960s? A Statistical Analysis,Change,,Cultural,,statsignificant,,https://www.statsignificant.com/p/how-have-song-lyrics-changed-since?utm_source=post-email-title&publication_id=1213033&post_id=150589158&utm_campaign=email-post-title&isFreemail=true&r=h8or&triedRedirect=true,
25,25,Why beer snobs guzzle lagers they claim to dislike | The Economist,Relationship,,Online/social,,economist,,https://www.economist.com/graphic-detail/2019/05/18/why-beer-snobs-guzzle-lagers-they-clai…,
24,24,Lexical Distance Among the Languages of Europe | Etymologikon,Relationship,,Cultural,,Etymologikon,,https://web.archive.org/web/20140107030355/http://elms.wordpress.com/2008/03/04/lexical-distance-among-languages-of-europe,
23,23,"Far-right Facebook groups are engine of radicalisation in UK, data investigation suggests",Scale,,Online/social,,theguardian,"Network exposes hundreds of thousands of Britons to racist language, conspiracy and disinformation, Guardian research indicates",https://www.theguardian.com/world/2025/sep/28/far-right-facebook-groups-are-engine-of-radicalisation-in-uk-data-investigation-suggests,
22,22,Has Music Gotten More Political? A Statistical Analysis,Change,Exploratory,Cultural,,statsignificant,"When we average our political density figure for all major record label releases since the 1950s, we find that lyric politicization peaked in the late 1970s, then steadily declined for decades before a modest resurgence in the late 2010s.",https://www.statsignificant.com/p/has-music-gotten-more-political-a,
21,21,DBS background checks mean NHS staff 'paying to work',Scale,,Other,,bbc,"Thousands of NHS jobs are requiring workers to pay for the costs of criminal background checks, research by the BBC has found.",https://www.bbc.co.uk/news/uk-england-47540601,
20,20,"Give MPs deadline on hiring relatives, campaigners urge",Scale,,Political,,bbc,One in five MPs continue to employ a member of their family using taxpayers' money despite the practice being banned for new members of Parliament.,https://www.bbc.co.uk/news/uk-england-40709220,
19,19,Music festivals: Only 13% of UK headliners in 2022 are female,Scale,,Cultural,,bbc,,https://www.bbc.co.uk/news/newsbeat-61512053,
18,18,"Scale of ""toxic"" tweets received by politicians revealed",Scale,,Online/social,,bbc,"More than 3,000 offensive tweets are sent to UK Members of Parliament every day, a BBC investigation into the extent of online abuse has found.",https://www.bbc.co.uk/news/uk-63330885,
17,17,Deaths of people on benefits prompt inquiry call,Scale,,Other,,bbc,"Cases where people claiming benefits died or came to serious harm have led to more than 150 government reviews since 2012, a BBC investigation found.",https://www.bbc.co.uk/news/uk-56819727,
16,16,Gross misconduct probe police officers avoid sack,Scale,,Other,,bbc,"Half of police employees who committed gross misconduct were not dismissed, analysis of three years of police watchdog reports shows.",https://www.bbc.co.uk/news/uk-59594712,
15,15,Till Lindemann: Wie viel Gewalt steckt in Rammsteins Texten? | Der Spiegel,Scale,,Cultural,,spiegel,,https://www.spiegel.de/kultur/musik/till-lindemann-wie-viel-gewalt-steckt-in-rammsteins-te…,
14,14,Seven in ten Premier League footballers face Twitter abuse | The Alan Turing Institute,Scale,,Online/social,,turing,"The team developed a machine learning model trained on thousands of tweets to automatically identify whether a tweet was abusive, using active learning and adversarial data generation techniques.",https://www.turing.ac.uk/news/seven-ten-premier-league-footballers-face-twitter-abuse,
13,13,"We tracked 25,688 abusive tweets sent to women MPs – half were directed at Diane Abbott | New Statesman",Scale,,Online/social,,newstatesman,Amnesty used machine learning to detect abusive tweets sent to women MPs. The findings provide a detailed look at abuse on Twitter in the run-up to the 2017 election — in which Diane Abbott's case stands out.,https://www.newstatesman.com/2017/09/we-tracked-25688-abusive-tweets-sent-women-mps-half-w…,
12,12,"Trump used words like invasion, killer to discuss immigrants 500 times | USA Today",Scale,,Political,,usatoday,"Analysis of 64 Trump rallies since 2017 found he used the words predator, invasion, alien, killer, criminal and animal while discussing immigration more than 500 times.",https://eu.usatoday.com/story/news/politics/elections/2019/08/08/trump-immigrants-rhetoric…,
11,11,Russian paid trolls: Half of comments below the Guardian's stories on Ukraine came from just 10 accounts | Medium,Scale,,Online/social,,Medium,A quarter of the comments below the Guardian stories came from 15 accounts. Analysis of discussions below 10 Guardian articles about Ukraine found over 90% of users posted up to 10 times but left behind only 52% of comments.,https://medium.com/@KrystinaShveda/russian-paid-trolls-half-of-comments-below-the-guardian…,
10,10,London mayor: Commons speeches reveal candidates' differing issue focus | The Guardian,Variation,,Political,,theguardian,,https://www.theguardian.com/politics/datablog/2016/may/03/london-mayor-data-indicates-cand…,
9,9,How Democrats and Republicans in Congress splintered on Twitter | USA Today,Change,,Online/social,,usatoday,,https://eu.usatoday.com/in-depth/news/investigations/2022/09/09/congress-twitter-language-…,
8,8,Twitter's algorithm does not seem to silence conservatives | The Economist,Variation,,Online/social,,economist,The platform's recommendation engine appears to favour inflammatory tweets.,https://www.economist.com/graphic-detail/2020/08/01/twitters-algorithm-does-not-seem-to-si…,
7,7,The Physical Traits that Define Men and Women in Literature | The Pudding,Variation,,Cultural,,pudding,People who answer the quiz guess the correct gender 86% of the time based on physical descriptions in literature.,https://pudding.cool/2020/07/gendered-descriptions/,
6,6,"Football commentary racially biased, study finds | The Independent",Variation,,Cultural,,independent,Commentators are 6.59 times more likely to mention power and 3.38 times more likely to mention speed when discussing darker-skinned players. 86.76% of all positive comments about power were aimed at darker skin tone players.,https://www.independent.co.uk/sport/football/news/football-commentary-racism-racial-bias-s…,
5,5,"Meghan gets twice as many negative headlines as positive, analysis finds | The Guardian",Variation,,Cultural,,theguardian,,https://www.theguardian.com/global/2020/jan/18/meghan-gets-more-than-twice-as-many-negativ…,
4,4,There are more women than ever in Star Wars. Men still do most of the talking | Los Angeles Times,Variation,,Cultural,,latimes,,https://www.latimes.com/projects/star-wars-movies-female-character-analysis/,
3,3,The Words Men and Women Use When They Write About Love | The New York Times,Variation,,Cultural,,nytimes,"When men wrote about family, they used words like father, dad and son, while women used mother, mom and daughter.",https://www.nytimes.com/interactive/2017/11/07/upshot/modern-love-what-we-write-when-we-wr…,
2,2,The Gender Divide in Star Wars Scripts,Variation,,Cultural,,github,,https://julienassouline.github.io/data-studios-projects/Star_Wars/,
1,1,Almost all news coverage of the Barcelona attack mentioned terrorism. Very little coverage of Charlottesville did | Washington Post,Variation,,Cultural,,washingtonpost,"Statistical analysis used topic modelling, which identifies common themes in a collection of articles and clusters them together using an algorithm, applied to thousands of articles from major US newspapers.",https://www.washingtonpost.com/news/monkey-cage/wp/2017/08/31/almost-all-news-coverage-of-…,